name,type,label,db,parent_id,db_type,tables_tobe_copied,replace_flag_gbq,replace_flag_psg,run_in,schedule_interval,execution_order
oms_sku_hierarchy,query,oms,common,[],postgresql,[],replace,,gbq,0 0 * * *,
oms_transaction_master,query,oms,common,[],postgresql,[],replace,,gbq,0 0 * * *,
oms_inventory_master,query,oms,common,[],postgresql,[],replace,,gbq,0 0 * * *,
oms_supersession_mapping,query,oms,common,[],postgresql,[],replace,,gbq,0 0 * * *,
oms_dc_product_mapping,query,oms,common,"[""distribution_centres"",""product_mapping_product_dc"",""oms_sku_hierarchy""]",postgresql,[],replace,,gbq,0 0 * * *,
oms_pack_config,query,oms,common,"[""oms_sku_hierarchy""]",postgresql,"[""oms_pack_config""]",replace,replace,gbq,0 0 * * *,
oms_fiscal_date_mapping,query,oms,common,[],postgresql,[],replace,,gbq,0 0 * * *,
oms_constraints_status,query,oms,common,"[""oms_sku_hierarchy""]",postgresql,"[""oms_constraints_status""]",append,append,gbq,0 0 * * *,
oms_historical_error_calculation,query,oms,common,"[""oms_sku_hierarchy""]",postgresql,[],replace,,gbq,0 0 * * *,
budget_product_hierarchy,query,oms,common,"[""oms_sku_hierarchy""]",postgresql,[],replace,,gbq,0 0 * * *,
hierarchy_rankings,query,oms,common,[],postgresql,[],replace,,gbq,0 0 * * *,
oms_product_hybrid_attributes,query,oms,common,"[""oms_constraints_status"",""oms_sku_hierarchy""]",postgresql,"[""oms_product_hybrid_attributes""]",replace,replace,gbq,0 0 * * *,
oms_future_sales_units,query,oms,common,"[""oms_sku_hierarchy""]",postgresql,[],replace,,gbq,0 0 * * *,
oms_event_weeks,query,oms,common,"[""oms_fiscal_date_mapping""]",postgresql,[],replace,,gbq,0 0 * * *,
budget_time_periods,query,oms,common,[],postgresql,[],replace,,gbq,0 0 * * *,
oms_constraints_order_policy,query,oms,common,"[""oms_product_hybrid_attributes"",""oms_sku_hierarchy""]",postgresql,"[""oms_constraints_order_policy""]",append,append,gbq,0 0 * * *,
oms_store_constraints_master_1,query,oms,common,"[""oms_product_hybrid_attributes""]",postgresql,[],replace,,gbq,0 0 * * *,
oms_store_constraints_master_2,query,oms,common,"[""oms_product_hybrid_attributes""]",postgresql,[],replace,,gbq,0 0 * * *,
oms_constraints_lead_time,query,oms,common,"[""oms_product_hybrid_attributes"",""oms_dc_product_mapping"",""oms_sku_hierarchy""]",postgresql,"[""oms_constraints_lead_time""]",append,append,gbq,0 0 * * *,
oms_constraints_shipment,query,oms,common,"[""oms_product_hybrid_attributes"",""oms_dc_product_mapping"",""oms_sku_hierarchy""]",postgresql,"[""oms_constraints_shipment""]",append,append,gbq,0 0 * * *,
oms_constraints_safety_stock,query,oms,common,"[""oms_product_hybrid_attributes"",""oms_dc_product_mapping"",""oms_sku_hierarchy""]",postgresql,"[""oms_constraints_safety_stock""]",append,append,gbq,0 0 * * *,
oms_latest_inventory,query,oms,common,"[""oms_product_hybrid_attributes"",""oms_inventory_master""]",postgresql,[],replace,,gbq,0 0 * * *,
oms_resolved_product_profile_intermediate,query,oms,common,"[""oms_product_hybrid_attributes"",""oms_fiscal_date_mapping"",""oms_sku_hierarchy""]",postgresql,[],replace,,gbq,0 0 * * *,
oms_sku_store_eligibility,query,oms,common,"[""oms_product_hybrid_attributes"",""oms_fiscal_date_mapping"",""sku_status"",""store_status"",""product_store_mapping"",""oms_sku_hierarchy""]",postgresql,[],replace,,gbq,0 0 * * *,
budget_allocation,query,oms,common,"[""budget_product_hierarchy"",""budget_time_periods"",""oms_sku_hierarchy""]",postgresql,[],replace,,gbq,0 0 * * *,
po_master_por,query,oms,common,"[""oms_fiscal_date_mapping"",""oms_product_hybrid_attributes"",""oms_supersession_mapping"",""oms_sku_hierarchy""]",postgresql,[],replace,,gbq,0 0 * * *,
oms_po_master,query,oms,common,"[""oms_product_hybrid_attributes"",""oms_constraints_lead_time"",""oms_fiscal_date_mapping"",""oms_sku_hierarchy""]",postgresql,[],replace,,gbq,0 0 * * *,
oms_order_cycle,query,oms,common,"[""oms_constraints_order_policy"",""oms_fiscal_date_mapping"",""oms_product_hybrid_attributes"",""oms_sku_hierarchy""]",postgresql,[],replace,,gbq,0 0 * * *,
oms_product_profile_weeks,query,oms,common,"[""oms_resolved_product_profile_intermediate"",""oms_sku_hierarchy""]",postgresql,[],replace,,gbq,0 0 * * *,
oms_orders_approved_intermediate,query,oms,common,"[""oms_po_master"",""oms_constraints_lead_time"",""oms_sku_hierarchy""]",postgresql,[],replace,,gbq,0 0 * * *,
oms_kpi,query,oms,common,"[""oms_latest_inventory"",""oms_po_master"",""oms_dc_product_mapping"",""oms_product_hybrid_attributes"",""oms_constraints_shipment"",""oms_fiscal_date_mapping"",""oms_pack_config"",""oms_supersession_mapping"",""dc_transit_time_mapping"",""store_dc_mapping"",""distribution_centres"",""oms_sku_hierarchy""]",postgresql,"[""oms_kpi""]",replace,replace,gbq,0 0 * * *,
oms_central_table,query,oms,common,"[""oms_dc_product_mapping"",""oms_constraints_status"",""oms_constraints_order_policy"",""oms_order_cycle"",""oms_fiscal_date_mapping"",""oms_constraints_lead_time"",""oms_constraints_safety_stock"",""oms_sku_hierarchy""]",postgresql,[],replace,,gbq,0 0 * * *,
oms_late_orders_report,query,oms,common,"[""oms_product_hybrid_attributes"",""oms_fiscal_date_mapping"",""oms_po_master"",""oms_latest_inventory"",""oms_sku_hierarchy""]",postgresql,[],replace,,gbq,0 0 * * *,
oms_orders_recommended_archive,query,oms,common,"[""oms_po_master"",""oms_constraints_lead_time"",""oms_sku_hierarchy""]",postgresql,[],replace,,gbq,0 0 * * *,
dc_split_ratio,query,oms,common,"[""oms_product_profile_weeks"",""oms_sku_store_eligibility"",""oms_product_hybrid_attributes"",""store_dc_mapping"",""distribution_centres""]",postgresql,[],replace,,gbq,0 0 * * *,
oms_universal_forecast,query,oms,common,"[""oms_product_profile_weeks"",""oms_future_sales_units"",""store_dc_mapping"",""distribution_centres"",""dc_transit_time_mapping""]",postgresql,[],replace,,gbq,0 0 * * *,
po_rebalance_base,query,oms,common,"[""oms_po_master"",""oms_constraints_lead_time"",""oms_sku_hierarchy""]",postgresql,[],replace,,gbq,0 0 * * *,
oms_otb,query,oms,common,"[""oms_product_hybrid_attributes"",""oms_constraints_lead_time"",""oms_fiscal_date_mapping"",""oms_po_master"",""oms_supersession_mapping"",""dc_split_ratio"",""oms_sku_hierarchy""]",postgresql,[],replace,,gbq,0 0 * * *,
oms_delay_po_master,query,oms,common,[],postgresql,[],replace,,gbq,0 0 * * *,