name,category
ada_visual_predictions_updated,ADA
article_status_tag,AnR
auto_allocation_scheduler,Backsync
budget_product_hierarchy,Derived
budget_time_periods,Derived
dc_transit_time_mapping,AnR
distribution_centres,AnR
event_master_all_countries,ADA
fiscal_date_mapping,Master
inventory_master,Master
oms_constraints_lead_time,Derived
oms_constraints_order_policy,Derived
oms_constraints_safety_stock,Derived
oms_constraints_shipment,Derived
oms_constraints_status,Derived
oms_constraints_vendor_moq,Backsync
oms_dc_product_mapping,Derived
dc_split_ratio,Derived
oms_fiscal_date_mapping,Derived
oms_future_sales_units,Derived
oms_hierarchy_constraints,Derived
oms_historical_forecast,ADA
oms_latest_inventory,Derived
oms_lf_master,Derived
oms_order_cycle,Derived
oms_orders_approved,Backsync
oms_orders_recommended,Backsync
oms_pack_config,Derived
oms_po_master,Derived
oms_product_hybrid_attributes,Derived
oms_product_profile_weeks,Derived
oms_resolved_product_profile_intermediate,Derived
oms_sku_store_eligibility,Derived
oms_supersession_mapping,Derived
oms_vendor_closure,Derived
oms_op_master,Derived
oms_wp_master,Derived
pack_configuration_master,Master
po_asn_master,Master
po_master,Master
product_mapping_product_dc,AnR
product_master,Master
product_profile_table_oms_combined,ADA
product_profile_user_mapping_size,Backsync
product_store_mapping,AnR
rcl_week_level_constraint_data,Backsync
resolved_product_profile,Backsync
sku_status,AnR
store_dc_mapping,AnR
store_master,Master
store_status,AnR
supersession_table,Master
rcl_priority_mapping,AnR
transaction_master,Master
oms_sku_hierarchy,Derived
oms_transaction_master,Derived
oms_inventory_master,Derived