Table Name,Schema,Type,Table DDL,View DDL
oms_constraints_lead_time,oms,Direct,"CREATE TABLE oms.oms_constraints_lead_time (
	article varchar(256) NOT NULL,
	loc_code varchar(256) NOT NULL,
	vendor_code varchar(256) NOT NULL,
	vendor_name varchar(256) NULL,
	po_to_order_processing int4 NULL,
	lead_time int4 NULL,
	shipping_lead_time int4 NULL,
	qc_time int4 NULL,
	mode_shipment varchar(256) NOT NULL,
	default_mode int4 NULL,
	from_date date NULL,
	to_date date NULL,
	created_by int4 NULL,
	created_at timestamptz NULL,
	updated_by int4 NULL,
	updated_at timestamptz NULL,
	column_updated varchar(256) NULL,
	id serial4 NOT NULL,
	channel varchar NOT NULL,
	fabric_lt int4 NULL,
	variance int4 NULL,
	manufacturing_lead_time int4 NULL,
	category varchar NULL,
	CONSTRAINT pk_oms_constraints_lead_time PRIMARY KEY (article, loc_code, channel, vendor_code, mode_shipment)
);",-
oms_constraints_order_policy,oms,Direct,"CREATE TABLE oms.oms_constraints_order_policy (
	article varchar(256) NOT NULL,
	vendor_code varchar(256) NOT NULL,
	vendor_name varchar(256) NULL,
	replenishment_strategy varchar(256) NULL,
	scheduler varchar(256) NULL,
	order_strategy varchar(256) NULL,
	shipment_frequency varchar(256) NULL,
	created_by int4 NULL,
	created_at timestamptz NULL,
	updated_by int4 NULL,
	updated_at timestamptz NULL,
	column_updated varchar(256) NULL,
	channel varchar NOT NULL,
	auto_approve bool NULL,
	new_hier varchar(50) NULL,
	vendor_location varchar(256) NULL,
	id serial4 NOT NULL,
	CONSTRAINT pk_oms_constraints_order_policy PRIMARY KEY (article, channel, vendor_code)
);",-
oms_constraints_safety_stock,oms,Direct,"CREATE TABLE oms.oms_constraints_safety_stock (
	article varchar(256) NOT NULL,
	loc_code varchar(256) NOT NULL,
	vendor_code varchar(256) NOT NULL,
	vendor_name varchar(256) NULL,
	safety_stock_method varchar(256) NULL,
	safety_stock_twos int4 NULL,
	demand_twos int4 NULL,
	service_level_pct int4 NULL,
	stock_units int4 NULL,
	inventory_hold int4 NULL,
	created_by int4 NULL,
	created_at timestamptz NULL,
	updated_by int4 NULL,
	updated_at timestamptz NULL,
	column_updated varchar(256) NULL,
	id serial4 NOT NULL,
	channel varchar NOT NULL,
	CONSTRAINT pk_oms_constraints_safety_stock PRIMARY KEY (article, loc_code, channel, vendor_code)
);",-
oms_constraints_shipment,oms,Direct,"CREATE TABLE oms.oms_constraints_shipment (
	product_code varchar(256) NOT NULL,
	loc_code varchar(256) NOT NULL,
	channel varchar(256) NOT NULL,
	vendor_code varchar(256) NOT NULL,
	vendor_name varchar(256) NULL,
	min_replenishment_quantity int4 NULL,
	max_replenishment_quantity int4 NULL,
	order_multiple int4 NULL,
	default_mode varchar(256) NULL,
	created_by int4 NULL,
	created_at timestamptz NULL,
	updated_by int4 NULL,
	updated_at timestamptz NULL,
	column_updated varchar(256) NULL,
	id serial4 NOT NULL,
	moq_tolerance int4 NULL,
	shipment_scheduler varchar(256) NULL,
	article varchar(256) NULL,
	CONSTRAINT check_oms_constraints_ordering CHECK ((min_replenishment_quantity <= max_replenishment_quantity)),
	CONSTRAINT pk_oms_constraints_ordering PRIMARY KEY (product_code, loc_code, channel, vendor_code)
);",-
oms_constraints_status,oms,Direct,"CREATE TABLE oms.oms_constraints_status (
	product_code varchar(256) NOT NULL,
	vendor_code varchar(256) NOT NULL,
	vendor_name varchar(256) NULL,
	status varchar(256) NULL,
	preferred_status varchar(256) NULL,
	created_by int4 NULL,
	created_at timestamptz NULL,
	updated_by int4 NULL,
	updated_at timestamptz NULL,
	column_updated varchar(256) NULL,
	id serial4 NOT NULL,
	channel varchar(256) NOT NULL,
	l6_name varchar(256) NULL,
	l6_id varchar(256) NULL,
	vendor_location varchar(256) NULL,
	CONSTRAINT pk_oms_constraints_status PRIMARY KEY (product_code, channel, vendor_code)
);",
oms_kpi,oms,Version,"CREATE TABLE oms.oms_kpi_version (
	version_code int4 NOT NULL,
	product_code varchar(256) NOT NULL,
	loc_code varchar(256) NOT NULL,
	channel varchar(256) NOT NULL,
	vendor_code varchar(256) NOT NULL,
	vendor_name varchar(256) NULL,
	store_inv int8 NULL,
	dc_inv int8 NULL,
	system_inv int8 NULL,
	mrpc float8 NULL,
	open_receipt_units int4 NULL,
	safety_stock int4 NULL,
	created_by int4 NOT NULL,
	created_at timestamptz NOT NULL,
	updated_by int4 NULL,
	updated_at timestamptz NULL,
	column_updated varchar(256) NULL,
	effective_lead_time varchar(50) NULL,
	adjusted_forecast_qty_4w float8 NULL,
	adjusted_forecast_qty_4w_lc float8 NULL,
	adjusted_forecast_qty_8w float8 NULL,
	adjusted_forecast_qty_8w_lc float8 NULL,
	adjusted_forecast_qty_12w float8 NULL,
	adjusted_forecast_qty_12w_lc float8 NULL,
	wos int4 NULL,
	target_service_level float8 NULL,
	ss_base float4 NULL,
	id serial4 NOT NULL,
	min_order_quantity_style int4 NULL,
	max_order_quantity_style int4 NULL,
	min_order_quantity_sku int4 NULL,
	max_order_quantity_sku int4 NULL,
	min_order_quantity_shipment int4 NULL,
	max_order_quantity_shipment int4 NULL,
	order_multiple int4 NULL,
	year_week varchar(50) NULL,
	pack_id varchar(256) NOT NULL,
	""size"" varchar(256) NOT NULL,
	""cost"" float8 NULL,
	safety_stock_sl float8 NULL,
	CONSTRAINT pk_oms_kpi PRIMARY KEY (version_code, product_code, loc_code, channel, vendor_code)
)
PARTITION BY LIST (version_code);","CREATE OR REPLACE VIEW oms.oms_kpi
AS SELECT version_code,
    product_code,
    loc_code,
    channel,
    vendor_code,
    vendor_name,
    store_inv,
    dc_inv,
    system_inv,
    mrpc,
    open_receipt_units,
    safety_stock,
    created_by,
    created_at,
    updated_by,
    updated_at,
    column_updated,
    effective_lead_time,
    adjusted_forecast_qty_4w,
    adjusted_forecast_qty_4w_lc,
    adjusted_forecast_qty_8w,
    adjusted_forecast_qty_8w_lc,
    adjusted_forecast_qty_12w,
    adjusted_forecast_qty_12w_lc,
    wos,
    target_service_level,
    ss_base,
    id,
    min_order_quantity_style,
    max_order_quantity_style,
    min_order_quantity_sku,
    max_order_quantity_sku,
    min_order_quantity_shipment,
    max_order_quantity_shipment,
    order_multiple,
    year_week,
    pack_id,
    size,
    cost,
    safety_stock_sl
   FROM oms.oms_kpi_version ok
  WHERE version_code = global.get_table_version('oms.oms_kpi_version'::text);"
oms_pack_config,oms,Version,"CREATE TABLE oms.oms_pack_config_version (
	version_code int4 NOT NULL,
	article varchar(256) NULL,
	""style"" varchar(256) NULL,
	pack_id varchar(256) NOT NULL,
	pack_type varchar(256) NULL,
	product_code varchar(256) NOT NULL,
	""size"" varchar(256) NULL,
	units_in_pack int4 NULL,
	pack_description varchar(256) NULL,
	color_code varchar(256) NULL,
	id serial4 NOT NULL,
	CONSTRAINT pk_oms_pack_config PRIMARY KEY (version_code, pack_id, product_code)
)
PARTITION BY LIST (version_code);","CREATE OR REPLACE VIEW oms.oms_pack_config
AS SELECT version_code,
    article,
    style,
    pack_id,
    pack_type,
    product_code,
    size,
    units_in_pack,
    pack_description,
    color_code,
    id
   FROM oms.oms_pack_config_version opc
  WHERE version_code = global.get_table_version('oms.oms_pack_config_version'::text);"
oms_product_hybrid_attributes,oms,Version,"CREATE TABLE oms.oms_product_hybrid_attributes_version (
	version_code int4 NOT NULL,
	product_code varchar(256) NOT NULL,
	""ordering"" varchar(256) NULL,
	replenishment_status varchar(256) NULL,
	last_changed_date date NULL,
	CONSTRAINT oms_product_hybrid_attributes_pk PRIMARY KEY (version_code, product_code)
)
PARTITION BY LIST (version_code);","CREATE OR REPLACE VIEW oms.oms_product_hybrid_attributes
AS SELECT version_code,
    product_code,
    ordering,
    replenishment_status,
    last_changed_date
   FROM oms.oms_product_hybrid_attributes_version opha
  WHERE version_code = global.get_table_version('oms.oms_product_hybrid_attributes_version'::text);"
article_status_tag,oms,Version,"DDL should already be present in inventory_smart schema, hence no need to create again","CREATE OR REPLACE VIEW oms.article_status_tag
AS SELECT version_code,
    product_code,
    channel,
    article_status_tag,
    size,
    new_size,
    ""order""
   FROM inventory_smart.article_status_tag_version
  WHERE version_code = global.get_table_version('inventory_smart.article_status_tag_version'::text);"
oms_sl_coeff,oms,Direct,"CREATE TABLE oms.oms_sl_coeff (
	service_level float8 NULL,
	coeff float8 NULL
);",-