table_name,column_name,data_type,key,description,order
oms_central_table,product_code,STRING,PK,,1
oms_central_table,article,STRING,PK,,2
oms_central_table,loc_code,STRING,PK,,3
oms_central_table,channel,STRING,PK,,4
oms_central_table,vendor_code,STRING,PK,,5
oms_central_table,default_flag,BOOL,,,6
oms_central_table,mode_of_shipment,STRING,,,7
oms_central_table,vendor_lead_time,INT64,,,8
oms_central_table,manufacturing_lead_time,INT64,,,9
oms_central_table,shipping_lead_time,INT64,,,10
oms_central_table,qc_time,INT64,,,11
oms_central_table,vendor_shutdown_days,INT64,,,12
oms_central_table,eff_lead_time,INT64,,,13
oms_central_table,order_placement_date_original,DATE,,,14
oms_central_table,fiscal_year_week_original,INT64,,,15
oms_central_table,order_week_start_date_original,DATE,,,16
oms_central_table,order_week_end_date_original,DATE,,,17
oms_central_table,order_placement_date,DATE,,,18
oms_central_table,fiscal_year_week,INT64,PK,,19
oms_central_table,order_week_start_date,DATE,,,20
oms_central_table,order_week_end_date,DATE,,,21
oms_central_table,vlt_date,DATE,,,22
oms_central_table,receipt_date,DATE,,,23
oms_central_table,receipt_week,INT64,,,24
oms_central_table,receipt_week_start_date,DATE,,,25
oms_central_table,receipt_week_end_date,DATE,,,26
oms_central_table,replenishment_strategy,STRING,,,27
oms_central_table,order_strategy,STRING,,,28
oms_central_table,demand_weeks,INT64,,,29
oms_central_table,order_frequency,STRING,,,30
oms_central_table,shipment_frequency,STRING,,,31
oms_central_table,demand_end_week,INT64,,,32
oms_central_table,order_type,STRING,,,33
oms_central_table,order_sequence,INT64,,,34
oms_central_table,skip_flag,BOOL,,,35
oms_constraints_lead_time,article,STRING,PK,,1
oms_constraints_lead_time,category,STRING,,,2
oms_constraints_lead_time,channel,STRING,PK,,3
oms_constraints_lead_time,column_updated,STRING,,,4
oms_constraints_lead_time,created_at,TIMESTAMP,,,5
oms_constraints_lead_time,created_by,INT64,,,6
oms_constraints_lead_time,default_mode,BOOL,,,7
oms_constraints_lead_time,fabric_lt,INT64,,,8
oms_constraints_lead_time,from_date,DATE,,,9
oms_constraints_lead_time,id,INT64,,,10
oms_constraints_lead_time,lead_time,INT64,,,11
oms_constraints_lead_time,loc_code,STRING,PK,,12
oms_constraints_lead_time,manufacturing_lead_time,INT64,,,13
oms_constraints_lead_time,mode_shipment,STRING,,,14
oms_constraints_lead_time,po_to_order_processing,INT64,,,15
oms_constraints_lead_time,qc_time,INT64,,,16
oms_constraints_lead_time,shipping_lead_time,INT64,,,17
oms_constraints_lead_time,to_date,DATE,,,18
oms_constraints_lead_time,transportation_cost,FLOAT64,,,19
oms_constraints_lead_time,updated_at,TIMESTAMP,,,20
oms_constraints_lead_time,updated_by,INT64,,,21
oms_constraints_lead_time,variance,INT64,,,22
oms_constraints_lead_time,vendor_code,STRING,PK,,23
oms_constraints_lead_time,vendor_name,STRING,,,24
oms_constraints_order_policy,article,STRING,PK,,1
oms_constraints_order_policy,auto_approve,BOOL,,,2
oms_constraints_order_policy,channel,STRING,PK,,3
oms_constraints_order_policy,column_updated,STRING,,,4
oms_constraints_order_policy,created_at,TIMESTAMP,,,5
oms_constraints_order_policy,created_by,INT64,,,6
oms_constraints_order_policy,id,INT64,,,7
oms_constraints_order_policy,loc_code,STRING,PK,,8
oms_constraints_order_policy,new_hier,STRING,,,9
oms_constraints_order_policy,order_strategy,STRING,,,10
oms_constraints_order_policy,replenishment_strategy,STRING,,,11
oms_constraints_order_policy,scheduler,STRING,,,12
oms_constraints_order_policy,shipment_frequency,STRING,,,13
oms_constraints_order_policy,shipment_scheduler,STRING,,,14
oms_constraints_order_policy,updated_at,TIMESTAMP,,,15
oms_constraints_order_policy,updated_by,INT64,,,16
oms_constraints_order_policy,vendor_code,STRING,PK,,17
oms_constraints_order_policy,vendor_location,STRING,,,18
oms_constraints_order_policy,vendor_name,STRING,,,19
oms_constraints_safety_stock,article,STRING,PK,,1
oms_constraints_safety_stock,channel,STRING,PK,,2
oms_constraints_safety_stock,column_updated,STRING,,,3
oms_constraints_safety_stock,created_at,TIMESTAMP,,,4
oms_constraints_safety_stock,created_by,INT64,,,5
oms_constraints_safety_stock,demand_twos,INT64,,,6
oms_constraints_safety_stock,id,INT64,,,7
oms_constraints_safety_stock,inventory_hold,STRING,,,8
oms_constraints_safety_stock,loc_code,STRING,PK,,9
oms_constraints_safety_stock,safety_stock_method,STRING,,,10
oms_constraints_safety_stock,safety_stock_twos,INT64,,,11
oms_constraints_safety_stock,service_level_pct,INT64,,,12
oms_constraints_safety_stock,stock_units,INT64,,,13
oms_constraints_safety_stock,updated_by,INT64,,,14
oms_constraints_safety_stock,updated_at,TIMESTAMP,,,15
oms_constraints_safety_stock,vendor_code,STRING,PK,,16
oms_constraints_safety_stock,vendor_name,STRING,,,17
oms_constraints_shipment,article,STRING,PK,,1
oms_constraints_shipment,channel,STRING,PK,,2
oms_constraints_shipment,column_updated,STRING,,,3
oms_constraints_shipment,created_at,TIMESTAMP,,,4
oms_constraints_shipment,created_by,INT64,,,5
oms_constraints_shipment,default_mode,STRING,,,6
oms_constraints_shipment,id,INT64,,,7
oms_constraints_shipment,loc_code,STRING,PK,,8
oms_constraints_shipment,max_replenishment_quantity,INT64,,,9
oms_constraints_shipment,min_replenishment_quantity,INT64,,,10
oms_constraints_shipment,moq_tolerance,INT64,,,11
oms_constraints_shipment,order_multiple,INT64,,,12
oms_constraints_shipment,product_code,STRING,PK,,13
oms_constraints_shipment,shipment_scheduler,STRING,,,14
oms_constraints_shipment,updated_at,TIMESTAMP,,,15
oms_constraints_shipment,updated_by,INT64,,,16
oms_constraints_shipment,vendor_code,STRING,PK,,17
oms_constraints_shipment,vendor_name,STRING,,,18
oms_constraints_status,channel,STRING,PK,,1
oms_constraints_status,column_updated,STRING,,,2
oms_constraints_status,created_at,TIMESTAMP,,,3
oms_constraints_status,created_by,INT64,,,4
oms_constraints_status,id,INT64,,,5
oms_constraints_status,l6_id,STRING,,,6
oms_constraints_status,l6_name,STRING,,,7
oms_constraints_status,preferred_status,STRING,,,8
oms_constraints_status,product_code,STRING,PK,,9
oms_constraints_status,status,STRING,,,10
oms_constraints_status,updated_at,TIMESTAMP,,,11
oms_constraints_status,updated_by,INT64,,,12
oms_constraints_status,vendor_code,STRING,PK,,13
oms_constraints_status,vendor_location,STRING,,,14
oms_constraints_status,vendor_name,STRING,,,15
oms_constraints_vendor_moq,product_code,STRING,PK,,1
oms_constraints_vendor_moq,article,STRING,PK,,2
oms_constraints_vendor_moq,level_of_application,STRING,,,3
oms_constraints_vendor_moq,rcl_dimension,JSON,,,4
oms_constraints_vendor_moq,rcl_code,INT64,PK,,5
oms_constraints_vendor_moq,priority,INT64,,,6
oms_constraints_vendor_moq,min_replenishment_quantity,INT64,,,7
oms_constraints_vendor_moq,max_replenishment_quantity,INT64,,,8
oms_constraints_vendor_moq,order_multiple,INT64,,,9
oms_constraints_vendor_moq,moq_tolerance,FLOAT64,,,10
oms_constraints_vendor_moq,pack_selection,STRING,,,11
oms_constraints_vendor_moq,choice,STRING,,,12
oms_cycle_multiplier,multiplier,INT64,,,1
oms_cycle_multiplier,order_frequency,STRING,,,2
oms_cycle_multiplier,shipment_frequency,STRING,,,3
oms_dc_reserve_qty,article,STRING,PK,,1
oms_dc_reserve_qty,channel,STRING,PK,,2
oms_dc_reserve_qty,is_reserved,BOOL,,,3
oms_dc_reserve_qty,loc_code,STRING,PK,,4
oms_dc_reserve_qty,pack_id,STRING,,,5
oms_dc_reserve_qty,product_code,STRING,PK,,6
oms_dc_reserve_qty,quantity,INT64,,,7
oms_dc_reserve_qty,reservation_till_date,DATE,,,8
oms_dc_reserve_qty,type,STRING,,,9
oms_event_weeks,fiscal_year_week,INT64,PK,,1
oms_event_weeks,is_event,BOOL,,,2
oms_fiscal_date_mapping,calendar_date,DATE,PK,,1
oms_fiscal_date_mapping,fiscal_year,INT64,,,2
oms_fiscal_date_mapping,fiscal_month,INT64,,,3
oms_fiscal_date_mapping,day,STRING,,,4
oms_fiscal_date_mapping,day_of_week,INT64,,,5
oms_fiscal_date_mapping,week_start_date,DATE,,,6
oms_fiscal_date_mapping,week_end_date,DATE,,,7
oms_fiscal_date_mapping,fiscal_year_week,INT64,PK,,8
oms_fiscal_date_mapping,fiscal_week_in_month,INT64,,,9
oms_fiscal_date_mapping,fiscal_month_in_quarter,INT64,,,10
oms_fiscal_date_mapping,fiscal_month_name,STRING,,,11
oms_fiscal_date_mapping,fiscal_year_month,INT64,,,12
oms_historical_error_calculation,fiscal_year_week,INT64,PK,,1
oms_historical_error_calculation,predicted_qty,FLOAT64,,,2
oms_historical_error_calculation,product_code,STRING,PK,,3
oms_historical_error_calculation,quantity,FLOAT64,,,4
oms_kpi,adjusted_forecast_qty_12w,FLOAT64,,,1
oms_kpi,adjusted_forecast_qty_12w_lc,FLOAT64,,,2
oms_kpi,adjusted_forecast_qty_4w,FLOAT64,,,3
oms_kpi,adjusted_forecast_qty_4w_lc,FLOAT64,,,4
oms_kpi,adjusted_forecast_qty_8w,FLOAT64,,,5
oms_kpi,adjusted_forecast_qty_8w_lc,FLOAT64,,,6
oms_kpi,channel,STRING,PK,,7
oms_kpi,column_updated,STRING,,,8
oms_kpi,cost,FLOAT64,,,9
oms_kpi,created_at,TIMESTAMP,,,10
oms_kpi,created_by,INT64,,,11
oms_kpi,dc_inv,INT64,,,12
oms_kpi,effective_lead_time,INT64,,,13
oms_kpi,loc_code,STRING,PK,,14
oms_kpi,max_order_quantity_shipment,INT64,,,15
oms_kpi,max_order_quantity_sku,INT64,,,16
oms_kpi,max_order_quantity_style,INT64,,,17
oms_kpi,min_order_quantity_shipment,INT64,,,18
oms_kpi,min_order_quantity_sku,INT64,,,19
oms_kpi,min_order_quantity_style,INT64,,,20
oms_kpi,mrpc,FLOAT64,,,21
oms_kpi,open_receipt_units,INT64,,,22
oms_kpi,order_multiple,INT64,,,23
oms_kpi,pack_id,STRING,,,24
oms_kpi,product_code,STRING,PK,,25
oms_kpi,safety_stock,INT64,,,26
oms_kpi,safety_stock_sl,FLOAT64,,,27
oms_kpi,size,STRING,PK,,28
oms_kpi,ss_base,FLOAT64,,,29
oms_kpi,store_inv,INT64,,,30
oms_kpi,system_inv,INT64,,,31
oms_kpi,target_service_level,FLOAT64,,,32
oms_kpi,updated_at,TIMESTAMP,,,33
oms_kpi,updated_by,INT64,,,34
oms_kpi,vendor_code,STRING,PK,,35
oms_kpi,vendor_name,STRING,,,36
oms_kpi,wos,INT64,,,37
oms_kpi,year_week,INT64,,,38
oms_latest_inventory,product_code,STRING,PK,,1
oms_latest_inventory,loc_code,STRING,PK,,2
oms_latest_inventory,store_code,STRING,PK,,3
oms_latest_inventory,channel,STRING,PK,,4
oms_latest_inventory,date,DATE,,,5
oms_latest_inventory,store_type,STRING,,,6
oms_latest_inventory,total_inv,FLOAT64,,,7
oms_order_cycle,product_code,STRING,PK,,1
oms_order_cycle,sh_name,STRING,,,2
oms_order_cycle,vendor_code,STRING,PK,,3
oms_order_cycle,fiscal_year_week,INT64,PK,,4
oms_order_cycle,order_placement_date,DATE,,,5
oms_order_cycle,start_date,DATE,,,6
oms_order_cycle,end_date,DATE,,,7
oms_order_cycle,two_years_date_interval,DATE,,,8
oms_order_cycle,flag_for_post_two_years_date,INT64,,,9
oms_order_cycle,rnk_post_104_week,INT64,,,10
oms_orders_recommended_archive,approve_by_date,DATE,,,1
oms_orders_recommended_archive,article,STRING,PK,,2
oms_orders_recommended_archive,calendar_date,DATE,,,3
oms_orders_recommended_archive,channel,STRING,PK,,4
oms_orders_recommended_archive,create_by_date,DATE,,,5
oms_orders_recommended_archive,created_at,TIMESTAMP,,,6
oms_orders_recommended_archive,created_by,INT64,,,7
oms_orders_recommended_archive,editable_expected_receipt_date,DATE,,,8
oms_orders_recommended_archive,editable_not_after_date,DATE,,,9
oms_orders_recommended_archive,editable_not_before_date,DATE,,,10
oms_orders_recommended_archive,effective_lead_time,INT64,,,11
oms_orders_recommended_archive,elt_projected_bop,INT64,,,12
oms_orders_recommended_archive,elt_projected_safety_stock,INT64,,,13
oms_orders_recommended_archive,elt_projected_store_inv,INT64,,,14
oms_orders_recommended_archive,excess_inv,INT64,,,15
oms_orders_recommended_archive,expected_receipt_date,DATE,,,16
oms_orders_recommended_archive,fiscal_year,INT64,,,17
oms_orders_recommended_archive,fiscal_year_month,INT64,,,18
oms_orders_recommended_archive,fiscal_year_quarter,INT64,,,19
oms_orders_recommended_archive,fiscal_year_week,INT64,PK,,20
oms_orders_recommended_archive,flow_id,STRING,,,21
oms_orders_recommended_archive,forecasted_sales,FLOAT64,,,22
oms_orders_recommended_archive,grade,STRING,,,23
oms_orders_recommended_archive,ia_shipment_order_quantity,INT64,,,24
oms_orders_recommended_archive,ia_shipment_order_quantity_eaches,FLOAT64,,,25
oms_orders_recommended_archive,id,INT64,,,26
oms_orders_recommended_archive,immd_roq,STRING,,,27
oms_orders_recommended_archive,inventory_deficit_agg,FLOAT64,,,28
oms_orders_recommended_archive,inventory_hold,INT64,,,29
oms_orders_recommended_archive,is_deleted,BOOL,,,30
oms_orders_recommended_archive,is_resolved,BOOL,,,31
oms_orders_recommended_archive,lead_time,INT64,,,32
oms_orders_recommended_archive,loc_code,STRING,PK,,33
oms_orders_recommended_archive,lost_sales_agg,FLOAT64,,,34
oms_orders_recommended_archive,lost_sales_agg_1,FLOAT64,,,35
oms_orders_recommended_archive,lost_sales_agg_2,FLOAT64,,,36
oms_orders_recommended_archive,max_order_quantity_shipment,INT64,,,37
oms_orders_recommended_archive,max_order_quantity_sku,INT64,,,38
oms_orders_recommended_archive,max_order_quantity_style,INT64,,,39
oms_orders_recommended_archive,min_order_quantity_shipment,INT64,,,40
oms_orders_recommended_archive,min_order_quantity_sku,INT64,,,41
oms_orders_recommended_archive,min_order_quantity_style,INT64,,,42
oms_orders_recommended_archive,mode_shipment,STRING,,,43
oms_orders_recommended_archive,month,STRING,,,44
oms_orders_recommended_archive,not_after_date,DATE,,,45
oms_orders_recommended_archive,not_before_date,DATE,,,46
oms_orders_recommended_archive,order_batch_name,STRING,,,47
oms_orders_recommended_archive,order_cost,FLOAT64,,,48
oms_orders_recommended_archive,order_gen_type,STRING,,,49
oms_orders_recommended_archive,order_group_id,STRING,,,50
oms_orders_recommended_archive,order_multiple,INT64,,,51
oms_orders_recommended_archive,order_placement_date,DATE,,,52
oms_orders_recommended_archive,order_placement_date_original,DATE,,,53
oms_orders_recommended_archive,order_placement_recom_date,DATE,,,54
oms_orders_recommended_archive,order_quantity,INT64,,,55
oms_orders_recommended_archive,order_quantity_eaches,INT64,,,56
oms_orders_recommended_archive,order_reason,STRING,,,57
oms_orders_recommended_archive,order_status_id,INT64,,,58
oms_orders_recommended_archive,order_to_po_processing_time,INT64,,,59
oms_orders_recommended_archive,order_type,STRING,,,60
oms_orders_recommended_archive,orders_upto_qty,INT64,,,61
oms_orders_recommended_archive,pack_config,INT64,,,62
oms_orders_recommended_archive,pack_id,STRING,,,63
oms_orders_recommended_archive,pack_order_quantity,FLOAT64,,,64
oms_orders_recommended_archive,pack_order_quantity_constrained,FLOAT64,,,65
oms_orders_recommended_archive,product_code,STRING,PK,,66
oms_orders_recommended_archive,raw_roq,FLOAT64,,,67
oms_orders_recommended_archive,raw_roq_eaches,INT64,,,68
oms_orders_recommended_archive,recom_receipt_date,DATE,,,69
oms_orders_recommended_archive,rop,DATE,,,70
oms_orders_recommended_archive,rop_ideal,DATE,,,71
oms_orders_recommended_archive,roq_constrained,INT64,,,72
oms_orders_recommended_archive,roq_constrained_eaches,INT64,,,73
oms_orders_recommended_archive,roq_unconstrained,INT64,,,74
oms_orders_recommended_archive,roq_unconstrained_eaches,INT64,,,75
oms_orders_recommended_archive,safety_stock,INT64,,,76
oms_orders_recommended_archive,size,STRING,PK,,77
oms_orders_recommended_archive,store_counts,INT64,,,78
oms_orders_recommended_archive,store_groups,INT64,,,79
oms_orders_recommended_archive,style,STRING,,,80
oms_orders_recommended_archive,target_qty,INT64,,,81
oms_orders_recommended_archive,target_wos,INT64,,,82
oms_orders_recommended_archive,temp,STRING,,,83
oms_orders_recommended_archive,unit_cost,FLOAT64,,,84
oms_orders_recommended_archive,unmapped_store_inventory,FLOAT64,,,85
oms_orders_recommended_archive,updated_at,TIMESTAMP,,,86
oms_orders_recommended_archive,updated_by,INT64,,,87
oms_orders_recommended_archive,vendor_code,STRING,PK,,88
oms_orders_recommended_archive,vendor_name,STRING,,,89
oms_orders_recommended_archive,week_end_date,DATE,,,90
oms_orders_recommended_archive,week_start_date,DATE,,,91
oms_pack_config,article,STRING,PK,,1
oms_pack_config,style,STRING,,,2
oms_pack_config,pack_id,STRING,,,3
oms_pack_config,pack_type,STRING,,,4
oms_pack_config,product_code,STRING,PK,,5
oms_pack_config,size,STRING,PK,,6
oms_pack_config,units_in_pack,INT64,,,7
oms_pack_config,pack_description,STRING,,,8
oms_po_master,id,INT64,,,1
oms_po_master,order_id,STRING,,,2
oms_po_master,po_id,STRING,PK,,3
oms_po_master,asn_id,STRING,,,4
oms_po_master,product_code,STRING,PK,,5
oms_po_master,loc_code,STRING,PK,,6
oms_po_master,channel,STRING,PK,,7
oms_po_master,projected_delivery_date,DATE,,,8
oms_po_master,fiscal_year_week,INT64,PK,,9
oms_po_master,oo,INT64,,,10
oms_po_master,it,INT64,,,11
oms_po_master,pseudo_po,INT64,,,12
oms_po_master,quantity_ordered,INT64,,,13
oms_po_master,created_by,INT64,,,14
oms_po_master,created_at,TIMESTAMP,,,15
oms_po_master,updated_by,INT64,,,16
oms_po_master,updated_at,TIMESTAMP,,,17
oms_po_master,column_updated,STRING,,,18
oms_po_master,row_num,INT64,,,19
oms_product_hybrid_attributes,product_code,STRING,PK,,1
oms_product_hybrid_attributes,ordering,STRING,,,2
oms_product_hybrid_attributes,replenishment_status,STRING,,,3
oms_sku_store_eligibility,article,STRING,PK,,1
oms_sku_store_eligibility,channel,STRING,PK,,2
oms_sku_store_eligibility,fiscal_year_week,INT64,PK,,3
oms_sku_store_eligibility,loc_code,STRING,PK,,4
oms_sku_store_eligibility,product_code,STRING,PK,,5
oms_sku_store_eligibility,store_code,STRING,PK,,6
oms_store_constraints_master_1,fiscal_year_week,INT64,PK,,1
oms_store_constraints_master_1,max_stock,FLOAT64,,,2
oms_store_constraints_master_1,min_stock,FLOAT64,,,3
oms_store_constraints_master_1,priority,INT64,,,4
oms_store_constraints_master_1,product_code,STRING,PK,,5
oms_store_constraints_master_1,psa_code,STRING,,,6
oms_store_constraints_master_1,rule_code,INT64,,,7
oms_store_constraints_master_1,store_code,STRING,PK,,8
oms_store_constraints_master_1,wos,FLOAT64,,,9
oms_store_constraints_master_2,fiscal_year_week,INT64,PK,,1
oms_store_constraints_master_2,max_stock,FLOAT64,,,2
oms_store_constraints_master_2,min_stock,FLOAT64,,,3
oms_store_constraints_master_2,priority,INT64,,,4
oms_store_constraints_master_2,product_code,STRING,PK,,5
oms_store_constraints_master_2,psa_code,STRING,,,6
oms_store_constraints_master_2,rule_code,INT64,,,7
oms_store_constraints_master_2,store_code,STRING,PK,,8
oms_store_constraints_master_2,wos,FLOAT64,,,9
oms_supersession_mapping,child_sku,STRING,PK,,1
oms_supersession_mapping,from_date,DATE,PK,,2
oms_supersession_mapping,parent_sku,STRING,PK,,3
oms_supersession_mapping,to_date,DATE,PK,,4
oms_universal_forecast,channel,STRING,PK,,1
oms_universal_forecast,fiscal_year_week,INT64,PK,,2
oms_universal_forecast,loc_code,STRING,PK,,3
oms_universal_forecast,predicted_qty,FLOAT64,,,4
oms_universal_forecast,product_code,STRING,PK,,5
oms_universal_forecast,store_code,STRING,PK,,6
oms_vendor_closure,vc_end_date,DATE,PK,,1
oms_vendor_closure,vc_start_date,DATE,PK,,2
oms_vendor_closure,vendor_code,STRING,PK,,3
oms_vendor_closure,vendor_name,STRING,,,4
budget_allocation,budget_id,INT64,PK,,1
budget_allocation,hierarchy_id,INT64,,,2
budget_allocation,time_period_id,INT64,,,3
budget_allocation,planned_budget_units,INT64,,,4
budget_allocation,planned_budget_cost,FLOAT64,,,5
budget_allocation,available_budget_units,INT64,,,6
budget_allocation,available_budget_cost,FLOAT64,,,7
budget_allocation,budget_type,STRING,,,8
budget_allocation,currency_code,STRING,,,9
budget_allocation,created_at,TIMESTAMP,,,10
budget_allocation,updated_at,TIMESTAMP,,,11
budget_allocation,created_by,STRING,,,12
budget_allocation,updated_by,STRING,,,13
budget_product_hierarchy,hierarchy_id,INT64,PK,,1
budget_product_hierarchy,hierarchy_level,STRING,,,2
budget_product_hierarchy,l0_name,STRING,,,3
budget_product_hierarchy,l1_name,STRING,,,4
budget_product_hierarchy,style_id,STRING,,,5
budget_product_hierarchy,style_desc,STRING,,,6
budget_product_hierarchy,clearance,STRING,,,7
budget_product_hierarchy,product_code,STRING,,,8
budget_product_hierarchy,product_description,STRING,,,9
budget_product_hierarchy,price,STRING,,,10
budget_product_hierarchy,cost,STRING,,,11
budget_product_hierarchy,active,STRING,,,12
budget_product_hierarchy,item_status,STRING,,,13
budget_product_hierarchy,size,STRING,,,14
budget_product_hierarchy,product_type,STRING,,,15
budget_product_hierarchy,launch_date,STRING,,,16
budget_product_hierarchy,rcl_hash,STRING,,,17
budget_product_hierarchy,ordering,STRING,,,18
budget_product_hierarchy,replenishment_status,STRING,,,19
budget_product_hierarchy,product_image_link,STRING,,,20
budget_product_hierarchy,is_deleted,STRING,,,21
budget_product_hierarchy,clearance_start_date,STRING,,,22
budget_product_hierarchy,primary_vendor_id,STRING,,,23
budget_product_hierarchy,primary_vendor_name,STRING,,,24
budget_product_hierarchy,vendor,STRING,,,25
budget_product_hierarchy,vendor_case_pack,STRING,,,26
budget_product_hierarchy,drop_ship_flag,STRING,,,27
budget_product_hierarchy,product_channel,STRING,,,28
budget_product_hierarchy,product_attribute_3,STRING,,,29
budget_product_hierarchy,product_attribute_1,STRING,,,30
budget_product_hierarchy,product_attribute_2,STRING,,,31
budget_product_hierarchy,created_at,TIMESTAMP,,,32
budget_product_hierarchy,updated_at,TIMESTAMP,,,33
budget_product_hierarchy,product_name,STRING,,,34
budget_product_hierarchy,replacement_product_codes,STRING,,,35
budget_product_hierarchy,reference_product_codes,STRING,,,36
budget_product_hierarchy,ia_sku_type,STRING,,,37
budget_product_hierarchy,receipt_date,STRING,,,38
budget_product_hierarchy,created_by,STRING,,,39
budget_product_hierarchy,updated_by,STRING,,,40
budget_product_hierarchy,color,STRING,,,41
budget_product_hierarchy,original_price,STRING,,,42
budget_product_hierarchy,product_bucket_code,STRING,,,43
budget_product_hierarchy,article,STRING,,,44
budget_product_hierarchy,channel,STRING,,,45
budget_product_hierarchy,loc_code,INT64,,,46
budget_product_hierarchy,product_attribute_4,STRING,,,47
budget_product_hierarchy,product_attribute_5,STRING,,,48
budget_product_hierarchy,color_id,STRING,,,49
budget_product_hierarchy,l2_name,STRING,,,50
budget_product_hierarchy,l3_name,STRING,,,51
budget_product_hierarchy,budget_value,INT64,,,52
budget_time_periods,time_period_id,INT64,PK,,1
budget_time_periods,time_period_key,STRING,,,2
budget_time_periods,time_period_type,STRING,,,3
budget_time_periods,fiscal_year,INT64,,,4
budget_time_periods,fiscal_period,INT64,,,5
budget_time_periods,period_start_date,DATE,,,6
budget_time_periods,period_end_date,DATE,,,7
budget_time_periods,parent_time_period_id,INT64,,,8
budget_time_periods,is_active,BOOL,,,9
budget_time_periods,created_at,TIMESTAMP,,,10
dc_split_ratio,article,STRING,PK,,1
dc_split_ratio,product_code,STRING,PK,,2
dc_split_ratio,size,STRING,PK,,3
dc_split_ratio,loc_code,STRING,PK,,4
dc_split_ratio,channel,STRING,PK,,5
dc_split_ratio,fiscal_year_week,INT64,PK,,6
dc_split_ratio,penetration,FLOAT64,,,7
hierarchy_rankings,hier_level,STRING,,,1
hierarchy_rankings,ranking,INT64,,,2
oms_constraint_master,rcl_code,INT64,,,1
oms_constraint_master,rcl_dimension,STRING,,,2
oms_constraint_master,level,STRING,,,3
oms_constraint_master,rule_name,STRING,,,4
oms_constraint_master,start_date,DATE,,,5
oms_constraint_master,end_date,DATE,,,6
oms_constraint_master,min_replenishment_quantity,INT64,,,7
oms_constraint_master,max_replenishment_quantity,INT64,,,8
oms_constraint_master,moq_interval,STRING,,,9
oms_constraint_master,moq_tolerance,FLOAT64,,,10
oms_constraint_master,moq_start_month,STRING,,,11
oms_constraint_master,order_multiple,INT64,,,12
oms_constraint_master,level_of_application,STRING,,,13
oms_dc_product_mapping,store_code,STRING,PK,,1
oms_dc_product_mapping,product_code,STRING,PK,,2
oms_dc_product_mapping,article,STRING,PK,,3
oms_dc_product_mapping,dc_code,STRING,,,4
oms_events_and_holidays,region,STRING,,,1
oms_events_and_holidays,holiday_name,STRING,,,2
oms_events_and_holidays,primary_date,DATE,,,3
oms_events_and_holidays,preholiday_days,INT64,,,4
oms_events_and_holidays,postholiday_days,INT64,,,5
oms_future_sales_units,article,STRING,PK,,1
oms_future_sales_units,channel,STRING,PK,,2
oms_future_sales_units,style,STRING,,,3
oms_future_sales_units,store_code,STRING,PK,,4
oms_future_sales_units,loc_code,STRING,PK,,5
oms_future_sales_units,fiscal_year_week,INT64,PK,,6
oms_future_sales_units,future_sales_units,FLOAT64,,,7
oms_hierarchy_constraints,l2_id,STRING,,,1
oms_hierarchy_constraints,l3_id,STRING,,,2
oms_hierarchy_constraints,article,STRING,PK,,3
oms_hierarchy_constraints,level_of_application,STRING,,,4
oms_hierarchy_constraints,order_multiple,INT64,,,5
oms_hierarchy_constraints,min_replenishment_quantity,INT64,,,6
oms_hierarchy_constraints,max_replenishment_quantity,INT64,,,7
oms_hierarchy_constraints,moq_interval,STRING,,,8
oms_hierarchy_constraints,moq_tolerance,FLOAT64,,,9
oms_hierarchy_constraints,moq_start_month,STRING,,,10
oms_hierarchy_constraints,rule_name,INT64,,,11
oms_late_orders_report,po_id,STRING,PK,,1
oms_late_orders_report,product_code,STRING,PK,,2
oms_late_orders_report,style,STRING,,,3
oms_late_orders_report,article,STRING,PK,,4
oms_late_orders_report,size,STRING,PK,,5
oms_late_orders_report,channel,STRING,PK,,6
oms_late_orders_report,loc_code,STRING,PK,,7
oms_late_orders_report,vendor_code,STRING,PK,,8
oms_late_orders_report,vendor_name,STRING,,,9
oms_late_orders_report,order_date,DATE,,,10
oms_late_orders_report,projected_delivery_date,DATE,,,11
oms_late_orders_report,dc_oh,INT64,,,12
oms_late_orders_report,total_order_qty,INT64,,,13
oms_late_orders_report,total_order_cost,NUMERIC,,,14
oms_late_orders_report,total_received_qty,INT64,,,15
oms_late_orders_report,total_received_cost,NUMERIC,,,16
oms_late_orders_report,late_order_qty,INT64,,,17
oms_late_orders_report,late_order_cost,NUMERIC,,,18
oms_late_orders_report,order_qty_four_weeks,INT64,,,19
oms_late_orders_report,order_cost_four_weeks,NUMERIC,,,20
oms_otb,product_code,STRING,PK,,1
oms_otb,loc_code,STRING,PK,,2
oms_otb,channel,STRING,PK,,3
oms_otb,fiscal_year_week,INT64,PK,,4
oms_otb,mfp_units,FLOAT64,,,5
oms_otb,approved_otb,FLOAT64,,,6
oms_otb,otb,FLOAT64,,,7
oms_otb,total_units,FLOAT64,,,8
oms_otb,recom_receipts,FLOAT64,,,9
oms_product_profile_weeks,product_code,STRING,PK,,1
oms_product_profile_weeks,article,STRING,PK,,2
oms_product_profile_weeks,size,STRING,PK,,3
oms_product_profile_weeks,store_code,STRING,PK,,4
oms_product_profile_weeks,fiscal_year_week,INT64,PK,,5
oms_product_profile_weeks,profile_type,STRING,,,6
oms_product_profile_weeks,size_level_proportion,FLOAT64,,,7
oms_product_profile_weeks,overall_proportion,FLOAT64,,,8
oms_product_profile_weeks,overall_channel_proportion,FLOAT64,,,9
oms_resolved_product_profile_intermediate,article,STRING,PK,,1
oms_resolved_product_profile_intermediate,channel,STRING,PK,,2
oms_resolved_product_profile_intermediate,fiscal_year_week,INT64,PK,,3
oms_resolved_product_profile_intermediate,rule_code,INT64,,,4
oms_resolved_product_profile_intermediate,pp_code,INT64,,,5
po_master_por,order_id,STRING,,,1
po_master_por,po_id,STRING,PK,,2
po_master_por,asn_id,STRING,,,3
po_master_por,product_code,STRING,PK,,4
po_master_por,loc_code,STRING,PK,,5
po_master_por,channel,STRING,PK,,6
po_master_por,projected_delivery_date,DATE,,,7
po_master_por,fiscal_year_week,INT64,PK,,8
po_master_por,oo,FLOAT64,,,9
po_master_por,it,INT64,,,10
po_master_por,pseudo_po,INT64,,,11
po_master_por,quantity_ordered,INT64,,,12
po_master_por,created_by,INT64,,,13
po_master_por,created_at,TIMESTAMP,,,14
po_master_por,updated_by,INT64,,,15
po_master_por,updated_at,TIMESTAMP,,,16
po_master_por,column_updated,STRING,,,17
po_master_por,row_num,INT64,,,18
po_master_por,gac_date,DATE,,,19
po_master_por,gac_flag,INT64,,,20
po_rebalance_base,product_code,STRING,PK,,1
po_rebalance_base,loc_code,STRING,PK,,2
po_rebalance_base,channel,STRING,PK,,3
po_rebalance_base,fiscal_year_week,INT64,PK,,4
po_rebalance_base,dc_inv_bop_post_allocation,FLOAT64,,,5
po_rebalance_base,po_inbound,FLOAT64,,,6
po_rebalance_base,total_store_forecast,FLOAT64,,,7
po_rebalance_base,total_store_wos_demand,FLOAT64,,,8
po_rebalance_base,total_target_store_inv,FLOAT64,,,9
po_rebalance_base,store_allocation_unconstrained,FLOAT64,,,10
po_rebalance_base,safety_stock,FLOAT64,,,11
po_rebalance_base,total_store_bop_inv,FLOAT64,,,12
po_rebalance_base,dc_inv_wos,FLOAT64,,,13
po_rebalance_base,store_inv_wos,FLOAT64,,,14
po_rebalance_base,l4w_ss,FLOAT64,,,15
po_rebalance_base,lw_ss,FLOAT64,,,16
product_profile_user_mapping_size,pp_code,INT64,,,1
product_profile_user_mapping_size,l0_name,STRING,,,2
product_profile_user_mapping_size,size_level_proportion,FLOAT64,,,3
product_profile_user_mapping_size,overall_proportion,FLOAT64,,,4
product_profile_user_mapping_size,size,STRING,PK,,5
product_profile_user_mapping_size,store_code,STRING,PK,,6
rcl_priority_mapping,level,STRING,,,1
rcl_priority_mapping,rcl_priority,INT64,,,2
rcl_priority_mapping,module_code,INT64,,,3
rcl_priority_mapping,rcl_code,INT64,,,4
rcl_week_level_constraint_data,l0_name,STRING,,,1
rcl_week_level_constraint_data,rcl_code,INT64,,,2
rcl_week_level_constraint_data,priority,INT64,,,3
rcl_week_level_constraint_data,fiscal_week_begin_date,DATE,,,4
rcl_week_level_constraint_data,fiscal_year_week,INT64,PK,,5
rcl_week_level_constraint_data,rule_code,INT64,,,6
rcl_week_level_constraint_data,psa_code,STRING,,,7
rcl_week_level_constraint_data,product_codes,STRING,,,8
rcl_week_level_constraint_data,wos,FLOAT64,,,9
rcl_week_level_constraint_data,transit_time,FLOAT64,,,10
rcl_week_level_constraint_data,safety_stock,FLOAT64,,,11
rcl_week_level_constraint_data,min_stock,FLOAT64,,,12
rcl_week_level_constraint_data,max_stock,FLOAT64,,,13
rcl_week_level_constraint_data,aps,FLOAT64,,,14
rcl_week_level_constraint_data,ros,FLOAT64,,,15
rcl_week_level_constraint_data,st,FLOAT64,,,16
rcl_week_level_constraint_data,store_codes,STRING,,,17
resolved_product_profile,product_code,STRING,PK,,1
resolved_product_profile,style,STRING,,,2
resolved_product_profile,channel,STRING,PK,,3
resolved_product_profile,start_date,DATE,,,4
resolved_product_profile,end_date,DATE,,,5
resolved_product_profile,rule_code,INT64,,,6
resolved_product_profile,pp_code,INT64,,,7
resolved_product_profile,created_at,DATE,,,8
oms_sl_coeff,service_level,FLOAT64,,,1
oms_sl_coeff,coeff,FLOAT64,,,2
rcl_oms_constraint_master,rcl_oms_constraint_code,INT64,,,1
rcl_oms_constraint_master,rcl_code,INT64,FK,,2
rcl_oms_constraint_master,rule_code,INT64,FK,,3
rcl_oms_constraint_master,min_replenishment_quantity,INT64,,,4
rcl_oms_constraint_master,max_replenishment_quantity,INT64,,,5
rcl_oms_constraint_master,moq_tolerance,FLOAT64,,,6
rcl_oms_constraint_master,moq_interval,STRING,,,7
rcl_oms_constraint_master,moq_start_month,STRING,,,8
rcl_oms_constraint_master,order_multiple,INT64,,,9
rcl_oms_constraint_master,level_of_application,STRING,,,10
rcl_oms_constraint_master,validity,DATERANGE,,,11
rcl_oms_constraint_master,created_at,TIMESTAMP,,,12
rcl_oms_constraint_master,created_by,INT64,,,13
rcl_oms_constraint_master,updated_at,TIMESTAMP,,,14
rcl_oms_constraint_master,updated_by,INT64,,,15
rcl_oms_constraint_master,column_modified,STRING,,,16
rcl_oms_constraint_master,max_replenishment_qty,FLOAT64,,,17
rcl_oms_constraint_master,min_replenishment_qty,FLOAT64,,,18
rcl_oms_constraint_master,pack_selection,STRING,,,19
rcl_oms_constraint_master,rule_name,STRING,,,20
rcl_oms_constraint_master_rule,rule_code,INT64,PK,,1
rcl_oms_constraint_master_rule,rcl_code,INT64,PK,,2
rcl_oms_constraint_master_rule,rcl_dimension,JSONB,,,3
rcl_oms_constraint_master_rule,rule_name,STRING,,,4
oms_orders_recommended,order_group_id,STRING,,,1
oms_orders_recommended,order_batch_name,STRING,,,2
oms_orders_recommended,order_gen_type,STRING,,,3
oms_orders_recommended,product_code,STRING,,,4
oms_orders_recommended,style,STRING,,,5
oms_orders_recommended,size,STRING,,,6
oms_orders_recommended,loc_code,STRING,,,7
oms_orders_recommended,channel,STRING,,,8
oms_orders_recommended,article,STRING,,,9
oms_orders_recommended,vendor_code,STRING,,,10
oms_orders_recommended,vendor_name,STRING,,,11
oms_orders_recommended,rop,DATE,,,12
oms_orders_recommended,grade,STRING,,,13
oms_orders_recommended,order_quantity,INT64,,,14
oms_orders_recommended,order_cost,FLOAT64,,,15
oms_orders_recommended,unit_cost,FLOAT64,,,16
oms_orders_recommended,roq_constrained,INT64,,,17
oms_orders_recommended,raw_roq,INT64,,,18
oms_orders_recommended,ia_shipment_order_quantity,INT64,,,19
oms_orders_recommended,roq_unconstrained,INT64,,,20
oms_orders_recommended,order_placement_date,DATE,,,21
oms_orders_recommended,order_placement_recom_date,DATE,,,22
oms_orders_recommended,fiscal_year_week,INT64,,,23
oms_orders_recommended,fiscal_year_month,INT64,,,24
oms_orders_recommended,fiscal_year,STRING,,,25
oms_orders_recommended,fiscal_year_quarter,STRING,,,26
oms_orders_recommended,week_start_date,DATE,,,27
oms_orders_recommended,month,STRING,,,28
oms_orders_recommended,expected_receipt_date,DATE,,,29
oms_orders_recommended,rop_ideal,DATE,,,30
oms_orders_recommended,mode_shipment,STRING,,,31
oms_orders_recommended,lead_time,INT64,,,32
oms_orders_recommended,order_to_po_processing_time,INT64,,,33
oms_orders_recommended,effective_lead_time,INT64,,,34
oms_orders_recommended,min_order_quantity_shipment,INT64,,,35
oms_orders_recommended,min_order_quantity_sku,INT64,,,36
oms_orders_recommended,min_order_quantity_style,INT64,,,37
oms_orders_recommended,max_order_quantity_shipment,INT64,,,38
oms_orders_recommended,max_order_quantity_sku,INT64,,,39
oms_orders_recommended,max_order_quantity_style,INT64,,,40
oms_orders_recommended,order_multiple,INT64,,,41
oms_orders_recommended,inventory_hold,INT64,,,42
oms_orders_recommended,order_status_id,INT64,,,43
oms_orders_recommended,created_by,INT64,,,44
oms_orders_recommended,created_at,TIMESTAMP,,,45
oms_orders_recommended,updated_by,INT64,,,46
oms_orders_recommended,updated_at,TIMESTAMP,,,47
oms_orders_recommended,approve_by_date,DATE,,,48
oms_orders_recommended,is_deleted,BOOL,,,49
oms_orders_recommended,is_resolved,BOOL,,,50
oms_orders_recommended,recom_receipt_date,DATE,,,51
oms_orders_recommended,create_by_date,DATE,,,52
oms_orders_recommended,editable_expected_receipt_date,DATE,,,53
oms_orders_recommended,lost_sales_agg,INT64,,,54
oms_orders_recommended,inventory_deficit_agg,INT64,,,55
oms_orders_recommended,orders_upto_qty,INT64,,,56
oms_orders_recommended,elt_projected_bop,INT64,,,57
oms_orders_recommended,elt_projected_safety_stock,INT64,,,58
oms_orders_recommended,order_type,STRING,,,59
oms_orders_recommended,target_qty,INT64,,,60
oms_orders_recommended,lost_sales_agg_1,INT64,,,61
oms_orders_recommended,forecasted_sales,INT64,,,62
oms_orders_recommended,target_wos,INT64,,,63
oms_orders_recommended,lost_sales_agg_2,INT64,,,64
oms_orders_recommended,excess_inv,INT64,,,65
oms_orders_recommended,unmapped_store_inventory,INT64,,,66
oms_orders_recommended,store_groups,INT64,,,67
oms_orders_recommended,store_counts,INT64,,,68
oms_orders_recommended,flow_id,STRING,,,69
oms_orders_recommended,immd_roq,STRING,,,70
oms_orders_recommended,order_reason,STRING,,,71
oms_orders_recommended,order_placement_date_original,DATE,,,72
oms_orders_approved,order_gen_type,STRING,,,1
oms_orders_approved,product_code,STRING,,,2
oms_orders_approved,loc_code,STRING,,,3
oms_orders_approved,vendor_code,STRING,,,4
oms_orders_approved,rop,DATE,,,5
oms_orders_approved,grade,STRING,,,6
oms_orders_approved,order_quantity,INT64,,,7
oms_orders_approved,unit_cost,FLOAT64,,,8
oms_orders_approved,order_cost,FLOAT64,,,9
oms_orders_approved,roq_constrained,INT64,,,10
oms_orders_approved,roq_unconstrained,INT64,,,11
oms_orders_approved,order_placement_date,DATE,,,12
oms_orders_approved,order_placement_recom_date,DATE,,,13
oms_orders_approved,expected_receipt_date,DATE,,,14
oms_orders_approved,rop_ideal,DATE,,,15
oms_orders_approved,lead_time,INT64,,,16
oms_orders_approved,effective_lead_time,INT64,,,17
oms_orders_approved,store_inv,INT64,,,18
oms_orders_approved,dc_inv,INT64,,,19
oms_orders_approved,system_inv,INT64,,,20
oms_orders_approved,mrpc,FLOAT64,,,21
oms_orders_approved,min_order_quantity_sku,INT64,,,22
oms_orders_approved,max_order_quantity,INT64,,,23
oms_orders_approved,order_multiple,INT64,,,24
oms_orders_approved,inventory_hold,INT64,,,25
oms_orders_approved,order_status_id,INT64,,,26
oms_orders_approved,created_by,INT64,,,27
oms_orders_approved,created_at,TIMESTAMP,,,28
oms_orders_approved,updated_by,INT64,,,29
oms_orders_approved,updated_at,TIMESTAMP,,,30
oms_orders_approved,edit_by_date,DATE,,,31
oms_orders_approved,is_deleted,BOOL,,,32
oms_orders_approved,comment,STRING,,,33
oms_orders_approved,article,STRING,,,34
oms_orders_approved,size,STRING,,,35
oms_orders_approved,channel,STRING,,,36
oms_orders_approved,min_order_quantity_style,INT64,,,37
oms_orders_approved,editable_expected_receipt_date,DATE,,,38
oms_orders_approved,min_order_quantity_shipment,INT64,,,39
oms_orders_approved,max_order_quantity_sku,INT64,,,40
oms_orders_approved,max_order_quantity_style,INT64,,,41
oms_orders_approved,order_type,STRING,,,42
oms_orders_approved,raw_roq,INT64,,,43
oms_orders_approved,order_batch_name,STRING,,,44
oms_orders_approved,reconciliation_id,STRING,,,45
auto_allocation_scheduler,sh_code,INT64,,,1
auto_allocation_scheduler,sh_name,STRING,,,2
auto_allocation_scheduler,sh_structure,STRING,,,3
auto_allocation_scheduler,sh_frequency,STRING,,,4
auto_allocation_scheduler,is_deleted,BOOL,,,5
auto_allocation_scheduler,created_by,INT64,,,6
auto_allocation_scheduler,created_at,TIMESTAMP,,,7
auto_allocation_scheduler,updated_by,INT64,,,8
auto_allocation_scheduler,updated_at,TIMESTAMP,,,9
auto_allocation_scheduler,is_deletable,BOOL,,,10
oms_inventory_master,channel,STRING,,,1
oms_inventory_master,date,DATE,,,2
oms_inventory_master,loc_code,STRING,,,3
oms_inventory_master,product_code,STRING,,,4
oms_inventory_master,store_code,STRING,,,5
oms_inventory_master,store_type,STRING,,,6
oms_inventory_master,total_inv,INT64,,,7
oms_inventory_master,oh,INT64,,,8
oms_inventory_master,it,INT64,,,9
oms_inventory_master,oo,INT64,,,10
oms_sku_hierarchy,product_code,STRING,,,1
oms_sku_hierarchy,article,STRING,,,2
oms_sku_hierarchy,style,STRING,,,3
oms_sku_hierarchy,size,STRING,,,4
oms_sku_hierarchy,vendor_name,STRING,,,5
oms_sku_hierarchy,vendor_code,STRING,,,6
oms_sku_hierarchy,cost,FLOAT64,,,7
oms_sku_hierarchy,l0_name,STRING,,,8
oms_sku_hierarchy,l1_name,STRING,,,9
oms_sku_hierarchy,l2_name,STRING,,,10
oms_sku_hierarchy,l3_name,STRING,,,11
oms_sku_hierarchy,l4_name,STRING,,,12
oms_sku_hierarchy,l5_name,STRING,,,13
oms_delay_po_master,asn_id,STRING,,,1
oms_delay_po_master,channel,STRING,,,2
oms_delay_po_master,column_updated,STRING,,,3
oms_delay_po_master,created_at,TIMESTAMP,,,4
oms_delay_po_master,created_by,INT64,,,5
oms_delay_po_master,fiscal_year_week,INT64,,,6
oms_delay_po_master,id,INT64,,,7
oms_delay_po_master,it,INT64,,,8
oms_delay_po_master,loc_code,STRING,,,9
oms_delay_po_master,oo,INT64,,,10
oms_delay_po_master,order_id,STRING,,,11
oms_delay_po_master,po_id,STRING,,,12
oms_delay_po_master,product_code,STRING,,,13
oms_delay_po_master,projected_delivery_date,DATE,,,14
oms_delay_po_master,pseudo_po,INT64,,,15
oms_delay_po_master,quantity_ordered,INT64,,,16
oms_delay_po_master,received_quantity,INT64,,,17
oms_delay_po_master,row_num,INT64,,,18
oms_delay_po_master,updated_at,TIMESTAMP,,,19
oms_delay_po_master,updated_by,INT64,,,20
oms_transaction_master,channel,STRING,,,1
oms_transaction_master,product_code,STRING,,,2
oms_transaction_master,store_code,STRING,,,3
oms_transaction_master,loc_code,STRING,,,4
oms_transaction_master,date,DATE,,,5
oms_transaction_master,quantity,INT64,,,6
oms_transaction_master,cost,FLOAT64,,,7
oms_transaction_master,price,FLOAT64,,,8
oms_transaction_master,fiscal_year_week,STRING,,,9
oms_lf_master,article,STRING,,,1
oms_lf_master,channel,STRING,,,2
oms_lf_master,loc_code,STRING,,,3
oms_lf_master,fiscal_year_week,INT64,,,4
oms_lf_master,source_type,STRING,,,5
oms_lf_master,sales_units,INT64,,,6
oms_lf_master,total_receipt_units,INT64,,,7
oms_op_master,article,STRING,,,1
oms_op_master,channel,STRING,,,2
oms_op_master,loc_code,STRING,,,3
oms_op_master,fiscal_year_week,INT64,,,4
oms_op_master,source_type,STRING,,,5
oms_op_master,sales_units,INT64,,,6
oms_op_master,total_receipt_units,INT64,,,7
oms_wp_master,article,STRING,,,1
oms_wp_master,channel,STRING,,,2
oms_wp_master,loc_code,STRING,,,3
oms_wp_master,fiscal_year_week,INT64,,,4
oms_wp_master,source_type,STRING,,,5
oms_wp_master,sales_units,INT64,,,6
oms_wp_master,total_receipt_units,INT64,,,7
article_status_tag,product_code,STRING,,,1
article_status_tag,channel,STRING,,,2
article_status_tag,article_status_tag,STRING,,,3
article_status_tag,size,STRING,,,4
article_status_tag,new_size,STRING,,,5
article_status_tag,order,INT64,,,6